あ行,あ,株式会社　アカギ,http://www.akagi-nt.co.jp/,,
あ行,あ,旭有機材工業株式会社,https://www.asahi-yukizai.co.jp/,,
あ行,あ,株式会社　浅羽製作所,http://www.asaba-ss.co.jp/j/,,
あ行,あ,愛知時計電機株式会社,https://www.aichitokei.co.jp/,,
あ行,あ,アズビル金門株式会社,https://ak.azbil.com/,,
あ行,あ,株式会社　アトムズ,http://www.atoms-corp.co.jp/,,
あ行,あ,株式会社　アキヤマ,http://modoren-hose.net/,,
あ行,あ,アスタム株式会社,http://www.astam.co.jp/,,
あ行,あ,淡路マテリア株式会社,https://www.awaji-materia.co.jp/,,
あ行,あ,アイシン産業株式会社,https://www.aishin-sangyo.co.jp/,,
あ行,あ,アズビル株式会社,https://www.azbil.com/jp/,,
あ行,い,因幡電機産業株式会社,https://www.inaba.co.jp/,,
あ行,い,伊藤鉄工株式会社,http://www.i-g-s.co.jp/,,
あ行,い,株式会社　イシザキ,https://ishizaki.biz/,,
あ行,い,株式会社　立売堀製作所,http://www.itachibori.co.jp/,,
あ行,い,株式会社　イノアック住環境,https://www.inoac.co.jp/,,
あ行,い,株式会社　イトー鋳造,http://www.ito-chuuzou.com/,,
あ行,い,株式会社　イノテック,http://www.inno-tech.jp/,,
あ行,い,株式会社　イワキ,https://www.iwakipumps.jp/,,
あ行,い,株式会社　石井マーク,http://www.ishiimark.com/,,
あ行,い,株式会社　いけうち,https://www.kirinoikeuchi.co.jp/,,
あ行,う,株式会社　上田コンクリート工業所,http://kkuedack.jp/,,
あ行,う,ウツエバルブ株式会社,http://www.utsue-valve.co.jp/,,
あ行,う,株式会社　ウォーターテック,https://www.nwatertec.co.jp/,,
あ行,え,エヌケーケーシームレス鋼管株式会社,,,
あ行,え,株式会社　エーアンドエーマテリアル,https://www.aa-material.co.jp/,,
あ行,え,エレポン化工機株式会社,https://www.elepon.co.jp/,,
あ行,え,エウゼフロ－株式会社,http://www.euze-flow.co.jp/,,
あ行,え,エヌパット株式会社,http://www.n-pat.co.jp/,,
あ行,え,株式会社　エス・ブイ・エフ,http://www.svf.jp/,,
あ行,お,株式会社　オーケーエム,http://www.okm-net.jp/,,
あ行,お,株式会社　オンダ製作所,https://www.onda.co.jp/,,
あ行,お,株式会社　大原鉄工所,https://www.oharacorp.co.jp/,,
あ行,お,株式会社　オーヤラックス,http://www.oyalox.co.jp/,,
あ行,お,株式会社　オーバル,https://www.oval.co.jp/,,
あ行,お,株式会社　オーツカ,http://www.ohtsuka-jpn.co.jp/,,
あ行,お,株式会社　大阪継手バルブ製作所,https://www.otvs.co.jp/,,
あ行,お,小澤物産株式会社,http://www.ozawabussan.co.jp/,,
あ行,お,大阪ラセン管工業株式会社,https://www.ork.co.jp/,,
か行,か,株式会社　川本製作所,https://www.kawamoto.co.jp/,,
か行,か,株式会社　川西水道機器,http://www.sk-kawanishi.com/,,
か行,か,カナフレックスコーポレーション株式会社,https://kanaflex.co.jp/,,
か行,か,株式会社　カクダイ,https://kakudai.jp/,,
か行,か,株式会社　カワデン,http://www.kk-kawaden.co.jp/,,
か行,か,株式会社　カワトＴ．Ｐ．Ｃ,https://www.kwt-tpc.co.jp/,,
か行,か,金子産業株式会社,http://www.kaneko.co.jp/,,
か行,か,川﨑機工株式会社,http://www.kawasakikikou.co.jp/,,
か行,き,株式会社　協成,https://www.kyosei.com/,,
か行,き,株式会社　キッツ,https://www.kitz.co.jp/,,
か行,き,九州鋳鉄管株式会社,http://www.kyucyu.co.jp/index.htm,,
か行,き,極東ゴム株式会社,http://www.kyokuto-rubber.co.jp/,,
か行,き,株式会社　キッツエンジニアリングサービス,https://www.kesco.jp/,,
か行,き,株式会社　キッツマイクロフィルター,https://www.kitzmf.com/,,
か行,く,株式会社　栗本鐵工所,http://www.kurimoto.co.jp/,,
か行,く,倉敷化工株式会社,https://www.kuraka.co.jp/,,
か行,く,株式会社　クボタケミックス,https://www.kubota-chemix.co.jp/,,
か行,く,クリモトポリマー株式会社,https://www.kuripoly.jp/,,
か行,く,株式会社　クボタ,https://www.kubota.co.jp/,,
か行,く,株式会社　倉野製作所,http://kurano-s.jp/,,
か行,け,株式会社　ケー・エフ・シー,http://www.kfc-net.co.jp/,,
か行,け,株式会社　ケイヒン,https://www.keihin-ve.co.jp/,,
か行,こ,鋼栄工業株式会社,http://koei-kougyo.com/,,
か行,こ,コスモ工機株式会社,https://www.cosmo-koki.co.jp/,,
か行,こ,光陽産業株式会社,https://www.koyosangyo.co.jp/,,
か行,こ,コンドーＦＲＰ工業株式会社,http://www.kondoh-frp.co.jp/,,
か行,こ,株式会社　コンサス,https://www.consuss.co.jp/,,
か行,こ,小岩金網株式会社,https://www.koiwa.co.jp/,,
か行,こ,株式会社　光明製作所,https://www.komei-ss.co.jp/,,
か行,こ,株式会社　小島製作所,https://www.kojima-core.co.jp/,,
か行,こ,コンチネンタルシルマ－株式会社,http://www.conti-schilmer.com/,,
か行,こ,株式会社　コーギケン,https://www.kohgiken.co.jp/,,
さ行,さ,サンキン株式会社,https://www.sankin.co.jp/,,
さ行,さ,サンコー機材株式会社,http://sankohkizai.co.jp/,,
さ行,さ,サンワーカー株式会社,https://www.sanetsugroup.co.jp/sunworker/,,
さ行,さ,ザムソン株式会社,http://samsonkk.co.jp/,,
さ行,さ,サンエス護謨工業株式会社,https://www.sun-esu.co.jp/,,
さ行,さ,株式会社　三協製作所,https://www.sankyo-s-s.co.jp/,,
さ行,し,株式会社　昭和コーポレーション,https://www.showa-cp.jp/,,
さ行,し,ショーボンドマテリアル株式会社,https://www.sb-material.co.jp/,,
さ行,し,シーケー金属株式会社,https://www.ckmetals.co.jp/,,
さ行,し,ジャパン・エンヂニアリング株式会社,https://www.japan-eng.co.jp/,,
さ行,し,株式会社　昭和バルブ製作所,https://www.showavalve.co.jp/,,
さ行,し,株式会社　昭和螺旋管製作所,https://www.showarasen.co.jp/,,
さ行,し,下田エコテック株式会社,http://www.shimoda-ecotech.co.jp/,,
さ行,し,株式会社　渋谷製作所,http://www.shibuya-seisakusyo.com/,,
さ行,し,信越ポリマー株式会社,https://www.shinpoly.co.jp/,,
さ行,し,株式会社　神港製作所,,,
さ行,し,株式会社　清水合金製作所,https://www.shimizugokin.co.jp/,,
さ行,し,昭和鉄工株式会社,https://www.showa.co.jp/,,
さ行,し,昭和機工株式会社,http://www.showakiko.co.jp/,,
さ行,し,昭和機器計装株式会社,https://www.showa-kk.com/,,
さ行,し,伸栄化学産業株式会社,https://www.shin-ei-chem.co.jp/,,
さ行,す,スパイラックス・サーコリミテッド,https://www.spiraxsarco.com/global/ja-JP,,
さ行,す,スペロセイキ株式会社,http://www.superoseiki.co.jp/,,
さ行,す,菅尾工業株式会社,http://www.sugao.co.jp/,,
さ行,す,スプレーイングシステムスジャパン合同会社,https://www.spray.co.jp/,,
さ行,す,スリーエム工業株式会社,https://www.three-mmm.co.jp/,,
さ行,す,水都工業株式会社,http://suito.jp.net/,,
さ行,す,株式会社　水研,https://www.suiken.jp/,,
さ行,す,角田鉄工株式会社,http://www.stk-valve.co.jp/,,
さ行,す,株式会社　スリーボンド,https://www.threebond.co.jp/,,
さ行,せ,積水化学工業株式会社,https://www.sekisui.co.jp/,,
さ行,せ,積水アクアシステム株式会社,https://www.sekisuia.co.jp/,,
さ行,せ,ゼンシン株式会社,http://www.zensin.co.jp/,,
さ行,せ,積水成型工業株式会社,https://www.sekisuiseikei.co.jp/,,
さ行,せ,センクシア株式会社,https://www.senqcia.co.jp/,,
さ行,せ,ゼット工業株式会社,https://www.kyowa-z.co.jp/,,
さ行,せ,西部機材株式会社,https://seibukizai.co.jp/,,
さ行,せ,西邦工業株式会社,https://seiho.com/jp/,,
た行,た,株式会社　多久製作所,http://www.tak-ss.co.jp/,,
た行,た,ダイキン工業株式会社,https://www.daikin.co.jp/,,
た行,た,ダイドレ株式会社,https://www.daidore.co.jp/,,
た行,た,太三機工株式会社,http://www.dai3kiko.co.jp/,,
た行,た,株式会社　竹村製作所,http://www.takemura-ss.com/,,
た行,た,大成機工株式会社,https://www.taiseikiko.com/,,
た行,た,有限会社　大日計器製作所,https://dainichi-keiki.com/,,
た行,た,大同精密工業株式会社,http://www.daidoseimitu.co.jp/,,
た行,た,株式会社　田中工業,https://www.otaru-tanaka.com/,,
た行,た,第一高周波工業株式会社,https://dhf.co.jp/,,
た行,た,大明金属工業株式会社,https://www.taimeikinzoku.co.jp/,,
た行,た,大同工機株式会社,https://www.daidomachines.com/,,
た行,た,タキロンシーアイシビル　株式会社,https://www.takiron-ci.co.jp/eng/,,
た行,た,大東電材株式会社,https://www.daito-d.co.jp/,,
た行,た,タイヨージョイント株式会社,https://www.taiyojoint.co.jp/,,
た行,た,株式会社　大和鉄工所,http://www.daiwa-ir.jp/,,
た行,た,大成化学工業株式会社,http://www.tci-taiseikagaku.co.jp/,,
た行,た,株式会社　タブチ,https://www.tabuchi.co.jp/,,
た行,た,株式会社　大東計器製作所,http://daitoukeiki.jp/,,
た行,た,第一機材株式会社,https://www.dkc.jp/,,
た行,た,タイフレックス株式会社,https://taiflex.net/,,
た行,ち,千代田工業株式会社,https://www.chiyoda-kogyokk.jp/,,
た行,ち,中部美化企業株式会社,https://www.chububika.co.jp/,,
た行,つ,株式会社　鶴見製作所,https://www.tsurumipump.co.jp/,,
た行,つ,鶴巻工業株式会社,http://tsurumaki-kogyo.jp/index.html,,
た行,て,株式会社　テクノフレックス,https://www.technoflex.co.jp/,,
た行,て,株式会社　テイエルブイ,https://www.tlv.com/ja/,,
た行,て,テラル株式会社,https://www.teral.net/,,
た行,と,東洋バルヴ株式会社,https://www.toyovalve.co.jp/,,
た行,と,巴バルブ株式会社,https://www.tomoevalve.com/,,
た行,と,東洋計器株式会社,https://www.toyo-keiki.co.jp/,,
た行,と,東亜高級継手バルブ製造株式会社,http://www.toakoukyu.co.jp/,,
た行,と,トラスコ中山株式会社,http://www.trusco.co.jp/,,
た行,と,東拓工業株式会社,http://www.totaku.co.jp/,,
た行,と,東栄管機株式会社,http://toeikanki.jp/,,
た行,と,トーフレ株式会社,https://www.tofle.com/,,
た行,と,東京計装株式会社,https://www.tokyokeiso.co.jp/,,
た行,と,東洋平成ポリマー株式会社,https://www.toyo-heisei.co.jp/,,
た行,と,株式会社　巴製作所,https://www.tomoe-works.co.jp/,,
た行,と,特許機器株式会社,https://www.tokkyokiki.co.jp/,,
た行,と,東レペフ加工品株式会社,http://www.toray-pef.co.jp/,,
た行,と,株式会社　十川ゴム,https://www.togawa.co.jp/,,
な行,な,株式会社　ナゴヤ,https://nagoya-pf.co.jp/,,
な行,な,ナストーア株式会社,http://www.nastoa.co.jp/,,
な行,な,株式会社　中山製鋼所,https://www.nakayama-steel.co.jp/,,
な行,な,南国フレキ工業株式会社,https://www.nfk-jp.com/,,
な行,な,株式会社　永島製作所,https://www.nagashima-f.co.jp/,,
な行,な,内外ゴム株式会社,http://www.naigai-rubber.co.jp/,,
な行,な,株式会社　ナガセ,https://www.net-nagase.co.jp/,,
な行,な,株式会社　中村バルブ製作所,https://www.nv-s.jp/,,
な行,な,株式会社　中北製作所,https://www.nakakita-s.co.jp/,,
な行,に,日本鋳鉄管株式会社,https://www.nichu.co.jp/,,
な行,に,日栄インテック株式会社,https://www.nichieiintec.jp/,,
な行,に,日本ヴィクトリック株式会社,https://www.victaulic.co.jp/,,
な行,に,日本ダイヤバルブ株式会社,http://www.ndv.co.jp/,,
な行,に,株式会社　ニシヤマ,https://www.nishiyama.co.jp/,,
な行,に,日本ボールバルブ株式会社,https://www.nbv.co.jp/,,
な行,に,日本フローセル株式会社,http://www.flow-cell.co.jp/,,
な行,に,日東バルブ株式会社,http://www.2110.co.jp/,,
な行,に,日本プラスチック工業株式会社,https://www.nipplasi.co.jp/,,
な行,に,日本スウェージロックＦＳＴ株式会社,https://www.japan.swagelok.solutions/,,
な行,に,株式会社　日邦バルブ,https://www.nippov.co.jp/,,
な行,に,日本ニューロン株式会社,https://www.neuron.ne.jp/,,
な行,に,日本リックウィル株式会社,http://www.ric-nord.co.jp/ric/,,
な行,に,株式会社　日弁特殊工業,http://www.nichiben.net/,,
な行,に,日本エフ・アール・ピー株式会社,https://nihonfrp.co.jp/,,
な行,に,日本エンコン株式会社,https://www.n-encon.co.jp/,,
な行,に,日管工業株式会社,http://www.nikkan-kogyo.co.jp/,,
な行,に,日本ギア工業株式会社,https://www.nippon-gear.jp/,,
な行,に,日東精工株式会社,https://www.nittoseiko.co.jp/,,
な行,に,日本ベンド株式会社,,,
な行,に,日本ヘルメチックス株式会社,http://www.nihon-hermetics.co.jp/,,
な行,に,株式会社　日本レオナード商会,http://www.japan-leonard.co.jp/,,
な行,に,日本バルブコントロールズ株式会社,https://www.valco.co.jp/,,
な行,に,日本ピラー工業株式会社,https://www.pillar.co.jp/,,
な行,に,日本継手株式会社,https://www.nippon-pf.co.jp/,,
な行,ね,ネステック株式会社,https://www.nesstech.co.jp/,,
な行,ね,ネグロス電工株式会社,https://www.negurosu.co.jp/,,
な行,の,ノーラエンジニアリング株式会社,https://www.nowla.co.jp/,,
な行,の,ノグチマテリアル株式会社,http://www.e-noguchi.co.jp/,,
は行,は,株式会社　ハズ,https://www.has-jp.com/,,
は行,は,株式会社　羽田パイプ製造所,http://www.haneda-pipe.co.jp/,,
は行,は,株式会社　長谷川鋳工所,http://www.hasechuw.co.jp/,,
は行,は,バクマ工業株式会社,https://www.bakuma.co.jp/,,
は行,は,株式会社　ハウステック,https://www.housetec.co.jp/,,
は行,は,株式会社　ヴァンテック,https://www.van-tecs.com/,,
は行,ひ,株式会社　光合金製作所,https://www.hikarigokin.co.jp/,,
は行,ひ,廣瀬バルブ工業株式会社,https://www.hirose-valves.co.jp/,,
は行,ひ,日之出水道機器株式会社,https://hinodesuido.co.jp/,,
は行,ひ,ビーエフ工業株式会社,https://www.bfkogyo.co.jp/,,
は行,ひ,株式会社　昌立製作所,http://www.sfv.co.jp/,,
は行,ふ,ブリヂストン化工品ジャパン株式会社,https://www.bridgestone-dpj.co.jp/,,
は行,ふ,株式会社　プロテリアル,https://www.proterial.com/,,
は行,ふ,株式会社　富士計器,https://www.fujikeiki.jp/,,
は行,ふ,株式会社　フタワフランヂ製作所,https://www.futawa-flange.com/,,
は行,ふ,古川工業株式会社,http://www.furukawa-valve.co.jp/,,
は行,ふ,株式会社　藤井合金製作所,https://www.fujii-mfg.co.jp/,,
は行,ふ,富士化工株式会社,http://www.fujikako.co.jp/,,
は行,ふ,フシマン株式会社,https://www.fushiman.co.jp/,,
は行,ふ,株式会社　フジトク,http://www.2219.co.jp/,,
は行,ふ,福徳工業株式会社,https://hukutoku.co.jp/,,
は行,ふ,株式会社　フジキン,https://www.fujikin.co.jp/,,
は行,ふ,藤井高圧工業株式会社,http://www.fhpi.co.jp/,,
は行,ふ,福西鋳物株式会社,https://www.fukunishiimono.co.jp/,,
は行,ふ,フジクリーン工業株式会社,https://www.fujiclean.co.jp/,,
は行,ふ,株式会社　福井製作所,http://www.fkis.co.jp/,,
は行,ふ,富士工器株式会社,https://www.fujikoh-grp.co.jp/,,
は行,へ,株式会社　ベンカン機工,http://benkankikoh.com/,,
は行,へ,株式会社　ベンカン,https://www.benkan.co.jp/,,
は行,へ,株式会社　ベルテクノ,https://www.beltecno.co.jp/,,
は行,へ,株式会社　ベン,https://www.venn.co.jp/,,
は行,へ,ヘンケルジャパン株式会社,https://www.henkel.co.jp/,,
は行,へ,株式会社　ヘルメチック,https://www.hermetic.co.jp/,,
は行,ほ,ホーコス株式会社,https://www.horkos.co.jp/,,
は行,ほ,株式会社　ホクエイ,https://www.hokuei.co.jp/,,
は行,ほ,北勢工業株式会社,https://www.hokusei-kogyo.co.jp/,,
ま行,ま,前澤給装工業株式会社,http://www.qso.co.jp/,,
ま行,ま,株式会社　牧村製作所,http://www.makimurass.co.jp/,,
ま行,ま,前澤工業株式会社,https://www.maezawa.co.jp/ja/index.html,,
ま行,ま,前田バルブ工業株式会社,https://www.mvk.co.jp/,,
ま行,ま,株式会社　マサタニ,http://www.masatani.co.jp/,,
ま行,ま,株式会社　マックピ－アンドエス,https://www.mac-ps.jp/,,
ま行,み,ミヤコ株式会社,http://www.miyako-inc.jp/,,
ま行,み,株式会社　ミヤワキ,https://www.miyawaki-inc.com/,,
ま行,み,三井金属エンジニアリング株式会社,https://www.mesco.co.jp/,,
ま行,み,三井化学産資株式会社,https://www.mitsui-sanshi.co.jp/,,
ま行,み,未来工業株式会社,https://www.mirai.co.jp/,,
ま行,め,明和工業株式会社,https://www.meiwajp.com/,,
ま行,も,森松工業株式会社,http://www.morimatsu.jp/,,
ま行,も,株式会社　本山製作所,https://www.motoyama-cp.co.jp/,,
ま行,も,株式会社　森田鉄工所,http://morita-tekkousyo.co.jp/,,
ま行,も,森永エンジニアリング株式会社,https://www.morieng.co.jp/,,
ま行,も,モリ工業株式会社,https://www.mory.co.jp/,,
や行,や,株式会社　大和バルブ,http://www.yamatovalve.co.jp/,,
や行,や,山本計器製造株式会社,http://www.yamamotokeiki.co.jp/,,
や行,や,山利商事株式会社,https://www.yamari-my.jp/,,
や行,や,株式会社　山協製作所,https://www.sankyou-ss.jp/,,
や行,ゆ,ユナイテッド・ジョイント合同会社,https://www.ujcompany.com/,,
や行,よ,株式会社　ヨシタケ,https://www.yoshitake.co.jp/index.html,,
や行,よ,ヨツギ株式会社,https://www.yotsugi.co.jp/,,
や行,よ,株式会社　横田製作所,http://www.aquadevice.com/nippon/,,
や行,よ,株式会社　横井製作所,https://www.yokoi.co.jp/,,
や行,よ,株式会社　横河ブリッジ,http://www.yokogawa-bridge.co.jp/,,
ら行,り,株式会社　リケン,https://www.riken.co.jp/,,
ら行,れ,レッキス工業株式会社,http://www.rexind.co.jp/jp/,,
わ行,わ,ワシノ機器株式会社,https://www.wasinokiki.co.jp/,,
わ行,わ,株式会社　ワイエム技研,https://www.ymgiken.co.jp/,,
アルファベット,J,ＪＦＥスチール株式会社,https://www.jfe-steel.co.jp/,,
アルファベット,T,株式会社　ＴＯＺＥＮ,https://www.tozen.co.jp/,,
アルファベット,J,ＪＦＥ溶接鋼管株式会社,https://www.jfe-wp.co.jp/,,
アルファベット,K,株式会社　ＫＶＫ,https://www.kvk.co.jp/dev/,,
アルファベット,S,ＳＡＮＥＩ株式会社,https://www.sanei.ltd/,,
